Workbook

Sheet Control
B2: Bloomberg FX history pull - control panel
B3: Every parameter below feeds the =BDH() formulas on the Data sheet. Change a cell and Excel re-pulls.
B5: Parameter | C5: Value | D5: Notes
B6: Start date | C6: 36892 | D6: First observation requested.
B7: End date | C7: 46387 | D7: Bloomberg returns data up to today; a future end date is harmless.
B8: Field | C8: PX_LAST | D8: PX_LAST = closing spot. PX_BID / PX_ASK / PX_MID also valid.
B9: Periodicity | C9: M | D9: D=daily, W=weekly, M=monthly, Q=quarterly, Y=yearly.
B10: Days | C10: A | D10: A=all calendar days, W=weekdays, T=trading days only.
B11: Fill | C11: P | D11: P=carry previous value over non-trading days, B=blank, NA=#N/A.
B12: Sort | C12: A | D12: A=ascending (oldest first), D=descending.
B15: Ticker | C15: Label | D15: Description
B16: USDIDR Curncy | C16: USDIDR | D16: Indonesian rupiah per USD
B17: USDTHB Curncy | C17: USDTHB | D17: Thai baht per USD
B18: USDSGD Curncy | C18: USDSGD | D18: Singapore dollar per USD
B19: USDVND Curncy | C19: USDVND | D19: Vietnamese dong per USD
B20: EURUSD Curncy | C20: EURUSD | D20: USD per EUR - for EUR crosses (optional)
B22: Quality check - reads whatever the Data sheet returned
B23: Label | C23: Observations | D23: First date | E23: Last date | F23: Min | G23: Max
B24: USDIDR | C24: =COUNT(Data!B:B) | D24: =IF(C24=0,"",MIN(Data!A:A)) | E24: =IF(C24=0,"",MAX(Data!A:A)) | F24: =IF(C24=0,"",MIN(Data!B:B)) | G24: =IF(C24=0,"",MAX(Data!B:B))
B25: USDTHB | C25: =COUNT(Data!E:E) | D25: =IF(C25=0,"",MIN(Data!D:D)) | E25: =IF(C25=0,"",MAX(Data!D:D)) | F25: =IF(C25=0,"",MIN(Data!E:E)) | G25: =IF(C25=0,"",MAX(Data!E:E))
B26: USDSGD | C26: =COUNT(Data!H:H) | D26: =IF(C26=0,"",MIN(Data!G:G)) | E26: =IF(C26=0,"",MAX(Data!G:G)) | F26: =IF(C26=0,"",MIN(Data!H:H)) | G26: =IF(C26=0,"",MAX(Data!H:H))
B27: USDVND | C27: =COUNT(Data!K:K) | D27: =IF(C27=0,"",MIN(Data!J:J)) | E27: =IF(C27=0,"",MAX(Data!J:J)) | F27: =IF(C27=0,"",MIN(Data!K:K)) | G27: =IF(C27=0,"",MAX(Data!K:K))
B28: EURUSD | C28: =COUNT(Data!N:N) | D28: =IF(C28=0,"",MIN(Data!M:M)) | E28: =IF(C28=0,"",MAX(Data!M:M)) | F28: =IF(C28=0,"",MIN(Data!N:N)) | G28: =IF(C28=0,"",MAX(Data!N:N))
B31: Expected at monthly frequency over 2001-2026: ~296 observations per pair. A materially lower count means the pull was truncated or the ticker is wrong.

Sheet Data
A1: Live Bloomberg pull
A2: Each block is one =BDH() array formula anchored in row 5; it spills Date | Value downwards. Do not type below a formula - it will block the spill.
A3: USDIDR | D3: USDTHB | G3: USDSGD | J3: USDVND | M3: EURUSD (optional)
A4: Date | B4: Indonesian rupiah per USD | D4: Date | E4: Thai baht per USD | G4: Date | H4: Singapore dollar per USD | J4: Date | K4: Vietnamese dong per USD | M4: Date | N4: USD per EUR - for EUR crosses
A5: =BDH(Control!$B$16,Control!$C$8,Control!$C$6,Control!$C$7,"Dir=V","Per="&Control!$C$9,"Days="&Control!$C$10,"Fill="&Control!$C$11,"Sort="&Control!$C$12) | D5: =BDH(Control!$B$17,Control!$C$8,Control!$C$6,Control!$C$7,"Dir=V","Per="&Control!$C$9,"Days="&Control!$C$10,"Fill="&Control!$C$11,"Sort="&Control!$C$12) | G5: =BDH(Control!$B$18,Control!$C$8,Control!$C$6,Control!$C$7,"Dir=V","Per="&Control!$C$9,"Days="&Control!$C$10,"Fill="&Control!$C$11,"Sort="&Control!$C$12) | J5: =BDH(Control!$B$19,Control!$C$8,Control!$C$6,Control!$C$7,"Dir=V","Per="&Control!$C$9,"Days="&Control!$C$10,"Fill="&Control!$C$11,"Sort="&Control!$C$12) | M5: =BDH(Control!$B$20,Control!$C$8,Control!$C$6,Control!$C$7,"Dir=V","Per="&Control!$C$9,"Days="&Control!$C$10,"Fill="&Control!$C$11,"Sort="&Control!$C$12)

Sheet Notes
B2: Read before trusting the numbers
B4: Requirements
B5: Needs the Bloomberg Excel Add-in and a logged-in terminal on the same machine. Without it every BDH cell shows #NAME? - that is the add-in missing, not a bad ticker.
B6: If cells show #N/A Requesting Data..., the pull is still in flight. Ctrl+Alt+F9 forces a full recalc.
B7: Quote direction
B8: All four pairs are quoted as LOCAL CURRENCY PER ONE USD. A rising line means the USD strengthened and the Asian currency weakened - the opposite sign to a return on holding that currency. Invert before using as an FX return.
B9: This model is EUR-base, so the USD crosses are an intermediate step. EURUSD Curncy quotes USD per 1 EUR, and USDxxx quotes xxx per 1 USD, so the EUR cross is the PRODUCT: EURIDR = USDIDR * EURUSD. Worked example: 16,000 * 1.08 = 17,280 IDR per EUR. Alternatively pull EURIDR / EURTHB / EURSGD / EURVND Curncy directly and skip the arithmetic.
B10: Data quality
B11: IDR and VND are non-deliverable. USDIDR / USDVND Curncy are onshore spot references; offshore NDF-implied rates can differ materially in stress. For NDF history use IHN+1M BGN Curncy (IDR) and VND+1M BGN Curncy.
B12: USDVND history before roughly 2005 is thin and the rate was tightly managed in a narrow crawling band - low realised volatility there reflects the peg, not market conditions.
B13: USDIDR from 2001 is entirely post-float (the rupiah floated in Aug 1997), so the series does not contain the Asian-crisis break. Starting in 2001 excludes it deliberately.
B14: SGD is managed by MAS against an undisclosed trade-weighted band. Its realised vol understates what an unmanaged float would show.
... B19: Generated by tools/build_fx_bloomberg_sheet.py. Re-run that script to change tickers or layout; edit the Control sheet for dates, frequency and field.
